<annotation>
	<folder>Resized_OPM</folder>
	<filename>Genos_081.jpg</filename>
	<path>/Users/Nuttapong/Desktop/Resized_OPM/Genos_081.jpg</path>
	<source>
		<database>Unknown</database>
	</source>
	<size>
		<width>300</width>
		<height>300</height>
		<depth>3</depth>
	</size>
	<segmented>0</segmented>
	<object>
		<name>Genos</name>
		<pose>Unspecified</pose>
		<truncated>0</truncated>
		<difficult>0</difficult>
		<bndbox>
			<xmin>52</xmin>
			<ymin>73</ymin>
			<xmax>145</xmax>
			<ymax>183</ymax>
		</bndbox>
	</object>
</annotation>
