<annotation>
	<folder>Resized_OPM</folder>
	<filename>Genos_078.jpg</filename>
	<path>/Users/Nuttapong/Desktop/Resized_OPM/Genos_078.jpg</path>
	<source>
		<database>Unknown</database>
	</source>
	<size>
		<width>300</width>
		<height>300</height>
		<depth>3</depth>
	</size>
	<segmented>0</segmented>
	<object>
		<name>Genos</name>
		<pose>Unspecified</pose>
		<truncated>1</truncated>
		<difficult>0</difficult>
		<bndbox>
			<xmin>1</xmin>
			<ymin>63</ymin>
			<xmax>209</xmax>
			<ymax>235</ymax>
		</bndbox>
	</object>
</annotation>
