<annotation>
	<folder>Images</folder>
	<filename>OPM_7.jpg</filename>
	<path>/Users/Nuttapong/Desktop/OnePunch/train/Images/OPM_7.jpg</path>
	<source>
		<database>Unknown</database>
	</source>
	<size>
		<width>300</width>
		<height>300</height>
		<depth>3</depth>
	</size>
	<segmented>0</segmented>
	<object>
		<name>Genos</name>
		<pose>Unspecified</pose>
		<truncated>0</truncated>
		<difficult>0</difficult>
		<bndbox>
			<xmin>169</xmin>
			<ymin>66</ymin>
			<xmax>264</xmax>
			<ymax>174</ymax>
		</bndbox>
	</object>
	<object>
		<name>Saitama</name>
		<pose>Unspecified</pose>
		<truncated>0</truncated>
		<difficult>0</difficult>
		<bndbox>
			<xmin>38</xmin>
			<ymin>100</ymin>
			<xmax>71</xmax>
			<ymax>139</ymax>
		</bndbox>
	</object>
</annotation>
