<annotation>
	<folder>Images</folder>
	<filename>OPM_2.jpg</filename>
	<path>/Users/Nuttapong/Desktop/OnePunch/train/Images/OPM_2.jpg</path>
	<source>
		<database>Unknown</database>
	</source>
	<size>
		<width>300</width>
		<height>300</height>
		<depth>3</depth>
	</size>
	<segmented>0</segmented>
	<object>
		<name>Genos</name>
		<pose>Unspecified</pose>
		<truncated>0</truncated>
		<difficult>0</difficult>
		<bndbox>
			<xmin>142</xmin>
			<ymin>131</ymin>
			<xmax>167</xmax>
			<ymax>159</ymax>
		</bndbox>
	</object>
	<object>
		<name>Saitama</name>
		<pose>Unspecified</pose>
		<truncated>0</truncated>
		<difficult>0</difficult>
		<bndbox>
			<xmin>64</xmin>
			<ymin>83</ymin>
			<xmax>84</xmax>
			<ymax>105</ymax>
		</bndbox>
	</object>
	<object>
		<name>Tatsumaki</name>
		<pose>Unspecified</pose>
		<truncated>0</truncated>
		<difficult>0</difficult>
		<bndbox>
			<xmin>228</xmin>
			<ymin>159</ymin>
			<xmax>257</xmax>
			<ymax>186</ymax>
		</bndbox>
	</object>
</annotation>
