<annotation>
	<folder>Images</folder>
	<filename>OPM_0.jpg</filename>
	<path>/Users/Nuttapong/Desktop/OnePunch/train/Images/OPM_0.jpg</path>
	<source>
		<database>Unknown</database>
	</source>
	<size>
		<width>300</width>
		<height>300</height>
		<depth>3</depth>
	</size>
	<segmented>0</segmented>
	<object>
		<name>Genos</name>
		<pose>Unspecified</pose>
		<truncated>1</truncated>
		<difficult>0</difficult>
		<bndbox>
			<xmin>1</xmin>
			<ymin>65</ymin>
			<xmax>121</xmax>
			<ymax>207</ymax>
		</bndbox>
	</object>
	<object>
		<name>Saitama</name>
		<pose>Unspecified</pose>
		<truncated>0</truncated>
		<difficult>0</difficult>
		<bndbox>
			<xmin>210</xmin>
			<ymin>74</ymin>
			<xmax>277</xmax>
			<ymax>152</ymax>
		</bndbox>
	</object>
</annotation>
