<annotation>
	<folder>Images</folder>
	<filename>OPM_3.jpg</filename>
	<path>/Users/Nuttapong/Desktop/OnePunch/train/Images/OPM_3.jpg</path>
	<source>
		<database>Unknown</database>
	</source>
	<size>
		<width>300</width>
		<height>300</height>
		<depth>3</depth>
	</size>
	<segmented>0</segmented>
	<object>
		<name>Saitama</name>
		<pose>Unspecified</pose>
		<truncated>0</truncated>
		<difficult>0</difficult>
		<bndbox>
			<xmin>89</xmin>
			<ymin>125</ymin>
			<xmax>115</xmax>
			<ymax>159</ymax>
		</bndbox>
	</object>
	<object>
		<name>Tatsumaki</name>
		<pose>Unspecified</pose>
		<truncated>0</truncated>
		<difficult>0</difficult>
		<bndbox>
			<xmin>257</xmin>
			<ymin>74</ymin>
			<xmax>284</xmax>
			<ymax>110</ymax>
		</bndbox>
	</object>
</annotation>
