<annotation>
	<folder>Images</folder>
	<filename>OPM_10.jpg</filename>
	<path>/Users/Nuttapong/Desktop/OnePunch/train/Images/OPM_10.jpg</path>
	<source>
		<database>Unknown</database>
	</source>
	<size>
		<width>300</width>
		<height>300</height>
		<depth>3</depth>
	</size>
	<segmented>0</segmented>
	<object>
		<name>Genos</name>
		<pose>Unspecified</pose>
		<truncated>1</truncated>
		<difficult>0</difficult>
		<bndbox>
			<xmin>1</xmin>
			<ymin>66</ymin>
			<xmax>57</xmax>
			<ymax>156</ymax>
		</bndbox>
	</object>
	<object>
		<name>Saitama</name>
		<pose>Unspecified</pose>
		<truncated>0</truncated>
		<difficult>0</difficult>
		<bndbox>
			<xmin>231</xmin>
			<ymin>91</ymin>
			<xmax>296</xmax>
			<ymax>175</ymax>
		</bndbox>
	</object>
</annotation>
