<annotation>
	<folder>Images</folder>
	<filename>OPM_8.jpg</filename>
	<path>/Users/Nuttapong/Desktop/OnePunch/train/Images/OPM_8.jpg</path>
	<source>
		<database>Unknown</database>
	</source>
	<size>
		<width>300</width>
		<height>300</height>
		<depth>3</depth>
	</size>
	<segmented>0</segmented>
	<object>
		<name>Genos</name>
		<pose>Unspecified</pose>
		<truncated>0</truncated>
		<difficult>0</difficult>
		<bndbox>
			<xmin>179</xmin>
			<ymin>79</ymin>
			<xmax>231</xmax>
			<ymax>140</ymax>
		</bndbox>
	</object>
	<object>
		<name>Saitama</name>
		<pose>Unspecified</pose>
		<truncated>0</truncated>
		<difficult>0</difficult>
		<bndbox>
			<xmin>82</xmin>
			<ymin>87</ymin>
			<xmax>121</xmax>
			<ymax>142</ymax>
		</bndbox>
	</object>
</annotation>
