<annotation>
	<folder>Images</folder>
	<filename>OPM_5.jpg</filename>
	<path>/Users/Nuttapong/Desktop/OnePunch/train/Images/OPM_5.jpg</path>
	<source>
		<database>Unknown</database>
	</source>
	<size>
		<width>300</width>
		<height>300</height>
		<depth>3</depth>
	</size>
	<segmented>0</segmented>
	<object>
		<name>Saitama</name>
		<pose>Unspecified</pose>
		<truncated>0</truncated>
		<difficult>0</difficult>
		<bndbox>
			<xmin>92</xmin>
			<ymin>68</ymin>
			<xmax>128</xmax>
			<ymax>115</ymax>
		</bndbox>
	</object>
	<object>
		<name>Tatsumaki</name>
		<pose>Unspecified</pose>
		<truncated>0</truncated>
		<difficult>0</difficult>
		<bndbox>
			<xmin>205</xmin>
			<ymin>85</ymin>
			<xmax>244</xmax>
			<ymax>138</ymax>
		</bndbox>
	</object>
</annotation>
