<annotation>
	<folder>Images</folder>
	<filename>OPM_11.jpg</filename>
	<path>/Users/Nuttapong/Desktop/OnePunch/train/Images/OPM_11.jpg</path>
	<source>
		<database>Unknown</database>
	</source>
	<size>
		<width>300</width>
		<height>300</height>
		<depth>3</depth>
	</size>
	<segmented>0</segmented>
	<object>
		<name>Genos</name>
		<pose>Unspecified</pose>
		<truncated>0</truncated>
		<difficult>0</difficult>
		<bndbox>
			<xmin>41</xmin>
			<ymin>88</ymin>
			<xmax>101</xmax>
			<ymax>157</ymax>
		</bndbox>
	</object>
	<object>
		<name>Tatsumaki</name>
		<pose>Unspecified</pose>
		<truncated>0</truncated>
		<difficult>0</difficult>
		<bndbox>
			<xmin>232</xmin>
			<ymin>135</ymin>
			<xmax>273</xmax>
			<ymax>194</ymax>
		</bndbox>
	</object>
</annotation>
