<annotation>
	<folder>Images</folder>
	<filename>OPM_4.jpg</filename>
	<path>/Users/Nuttapong/Desktop/OnePunch/train/Images/OPM_4.jpg</path>
	<source>
		<database>Unknown</database>
	</source>
	<size>
		<width>300</width>
		<height>300</height>
		<depth>3</depth>
	</size>
	<segmented>0</segmented>
	<object>
		<name>Genos</name>
		<pose>Unspecified</pose>
		<truncated>0</truncated>
		<difficult>0</difficult>
		<bndbox>
			<xmin>42</xmin>
			<ymin>88</ymin>
			<xmax>96</xmax>
			<ymax>154</ymax>
		</bndbox>
	</object>
	<object>
		<name>Tatsumaki</name>
		<pose>Unspecified</pose>
		<truncated>0</truncated>
		<difficult>0</difficult>
		<bndbox>
			<xmin>235</xmin>
			<ymin>140</ymin>
			<xmax>270</xmax>
			<ymax>195</ymax>
		</bndbox>
	</object>
</annotation>
