<annotation>
	<folder>Images</folder>
	<filename>OPM_9.jpg</filename>
	<path>/Users/Nuttapong/Desktop/OnePunch/train/Images/OPM_9.jpg</path>
	<source>
		<database>Unknown</database>
	</source>
	<size>
		<width>300</width>
		<height>300</height>
		<depth>3</depth>
	</size>
	<segmented>0</segmented>
	<object>
		<name>Genos</name>
		<pose>Unspecified</pose>
		<truncated>0</truncated>
		<difficult>0</difficult>
		<bndbox>
			<xmin>237</xmin>
			<ymin>166</ymin>
			<xmax>260</xmax>
			<ymax>192</ymax>
		</bndbox>
	</object>
	<object>
		<name>Saitama</name>
		<pose>Unspecified</pose>
		<truncated>0</truncated>
		<difficult>0</difficult>
		<bndbox>
			<xmin>109</xmin>
			<ymin>65</ymin>
			<xmax>190</xmax>
			<ymax>156</ymax>
		</bndbox>
	</object>
</annotation>
