<annotation>
	<folder>Images</folder>
	<filename>OPM_6.jpg</filename>
	<path>/Users/Nuttapong/Desktop/OnePunch/train/Images/OPM_6.jpg</path>
	<source>
		<database>Unknown</database>
	</source>
	<size>
		<width>300</width>
		<height>300</height>
		<depth>3</depth>
	</size>
	<segmented>0</segmented>
	<object>
		<name>Saitama</name>
		<pose>Unspecified</pose>
		<truncated>0</truncated>
		<difficult>0</difficult>
		<bndbox>
			<xmin>92</xmin>
			<ymin>68</ymin>
			<xmax>127</xmax>
			<ymax>116</ymax>
		</bndbox>
	</object>
	<object>
		<name>Tatsumaki</name>
		<pose>Unspecified</pose>
		<truncated>0</truncated>
		<difficult>0</difficult>
		<bndbox>
			<xmin>195</xmin>
			<ymin>88</ymin>
			<xmax>229</xmax>
			<ymax>140</ymax>
		</bndbox>
	</object>
</annotation>
