<annotation>
	<folder>Resized_OPM</folder>
	<filename>Saitama_255.jpg</filename>
	<path>/Users/Nuttapong/Desktop/Resized_OPM/Saitama_255.jpg</path>
	<source>
		<database>Unknown</database>
	</source>
	<size>
		<width>300</width>
		<height>300</height>
		<depth>3</depth>
	</size>
	<segmented>0</segmented>
	<object>
		<name>Saitama</name>
		<pose>Unspecified</pose>
		<truncated>0</truncated>
		<difficult>0</difficult>
		<bndbox>
			<xmin>92</xmin>
			<ymin>65</ymin>
			<xmax>204</xmax>
			<ymax>178</ymax>
		</bndbox>
	</object>
</annotation>
