<annotation>
	<folder>Resized_OPM</folder>
	<filename>Tatsumaki_036.jpg</filename>
	<path>/Users/Nuttapong/Desktop/Resized_OPM/Tatsumaki_036.jpg</path>
	<source>
		<database>Unknown</database>
	</source>
	<size>
		<width>300</width>
		<height>300</height>
		<depth>3</depth>
	</size>
	<segmented>0</segmented>
	<object>
		<name>Tatsumaki</name>
		<pose>Unspecified</pose>
		<truncated>0</truncated>
		<difficult>0</difficult>
		<bndbox>
			<xmin>60</xmin>
			<ymin>66</ymin>
			<xmax>232</xmax>
			<ymax>235</ymax>
		</bndbox>
	</object>
</annotation>
